state,class_description,county,city,territory_code
al,edp,jefferson,birmingham,1
al,office,jefferson,birmingham,1
al,edp,jefferson,all_others,3
al,office,jefferson,all_others,3
al,edp,all_others,all_others,3
al,office,all_others,all_others,3
ak,edp,all_others,all_others,1
ak,office,all_others,all_others,1
ak,office,aleutians_east,all_others,1
ak,edp,aleutians_east,all_others,1
ak,edp,aleutians_west,all_others,1
ak,office,aleutians_west,all_others,1
ak,office,anchorage,all_others,1
ak,edp,anchorage,all_others,1
ak,edp,anchorage,anchorage,1
ak,office,anchorage,anchorage,1
ak,office,bethel,all_others,1
ak,edp,bethel,all_others,1
ak,edp,bristol_bay,all_others,1
ak,office,bristol_bay,all_others,1
ak,office,dillingham,all_others,1
ak,edp,dillingham,all_others,1
ak,edp,denali,all_others,1
ak,office,denali,all_others,1
ak,office,fairbanks,all_others,1
ak,edp,fairbanks,all_others,1
ak,edp,fairbanks,fairbanks,1
ak,office,fairbanks,fairbanks,1
ak,office,haines,all_others,1
ak,edp,haines,all_others,1
ak,edp,juneau,all_others,1
ak,office,juneau,all_others,1
ak,office,juneau,juneau,1
ak,edp,juneau,juneau,1
ak,edp,kenai,all_others,1
ak,office,kenai,all_others,1
ak,office,ketchikan,all_others,1
ak,edp,ketchikan,all_others,1
ak,edp,kodiak_island,all_others,1
ak,office,kodiak_island,all_others,1
ak,office,lake_and_peninsula,all_others,1
ak,edp,lake_and_peninsula,all_others,1
ak,edp,matanuska_susitna,all_others,1
ak,office,matanuska_susitna,all_others,1
ak,office,nome,all_others,1
ak,edp,nome,all_others,1
ak,edp,north_slope,all_others,1
ak,office,north_slope,all_others,1
ak,office,northwest_arctic,all_others,1
ak,edp,northwest_arctic,all_others,1
ak,edp,prince_of_wales_outer_ketchikan,all_others,1
ak,office,prince_of_wales_outer_ketchikan,all_others,1
ak,office,sitka,all_others,1
ak,edp,sitka,all_others,1
ak,edp,skagway_hoonah_angoon,all_others,1
ak,office,skagway_hoonah_angoon,all_others,1
ak,office,southeast_fairbanks,all_others,1
ak,edp,southeast_fairbanks,all_others,1
ak,edp,valdez_cordova,all_others,1
ak,office,valdez_cordova,all_others,1
ak,office,wade_hampton,all_others,1
ak,edp,wade_hampton,all_others,1
ak,edp,wrangell_petersburg,all_others,1
ak,office,wrangell_petersburg,all_others,1
ak,office,yakutat,all_others,1
ak,edp,yakutat,all_others,1
ak,edp,yukon_koyukuk,all_others,1
ak,office,yukon_koyukuk,all_others,1
ar,edp,all_others,all_others,1
ar,office,all_others,all_others,1
ne,edp,all_others,all_others,2
ne,office,douglas,all_others,2
ne,edp,douglas,omaha,1
ne,office,douglas,omaha,1
nv,edp,all_others,all_others,1
nv,office,all_others,all_others,1
nh,edp,all_others,all_others,1
nh,office,all_others,all_others,1
or,edp,all_others,all_others,1
or,office,all_others,all_others,1
or,edp,multnomah,all_others,1
or,office,multnomah,all_others,1
or,edp,multnomah,portland,2
or,office,multnomah,portland,2
ut,edp,all_others,all_others,1
ut,office,all_others,all_others,1
nc,edp,all_others,all_others,1
nc,office,all_others,all_others,1
nd,edp,all_others,all_others,1
nd,office,all_others,all_others,1
wy,edp,all_others,all_others,1
wy,office,all_others,all_others,1
ms,edp,all_others,all_others,1
ms,office,all_others,all_others,1
mt,edp,all_others,all_others,1
mt,office,all_others,all_others,1
sd,edp,all_others,all_others,1
sd,office,all_others,all_others,1
id,edp,all_others,all_others,1
id,office,all_others,all_others,1
sc,edp,all_others,all_others,1
sc,office,all_others,all_others,1
nm,edp,all_others,all_others,1
nm,office,all_others,all_others,1
wv,edp,all_others,all_others,1
wv,office,all_others,all_others,1
wa,edp,all_others,all_others,2
wa,office,all_others,all_others,2
wa,edp,king,all_others,2
wa,office,king,all_others,2
wa,edp,king,seattle,1
wa,office,king,seattle,1
ga,edp,dekalb,all_others,2
ga,office,dekalb,all_others,2
ga,edp,fulton,all_others,2
ga,office,fulton,all_others,2
ga,edp,all_others,all_others,3
ga,office,all_others,all_others,3
fl,edp,all_others,all_others,6
fl,office,all_others,all_others,6
fl,edp,broward,all_others,2
fl,office,broward,all_others,2
fl,edp,palm_beach,all_others,2
fl,office,palm_beach,all_others,2
fl,edp,duval,all_others,5
fl,office,duval,all_others,5
fl,edp,hillsborough,all_others,4
fl,office,hillsborough,all_others,4
fl,edp,pinellas,all_others,4
fl,office,pinellas,all_others,4
fl,edp,miami_dade,all_others,1
fl,office,miami_dade,all_others,1
ia,edp,polk,webster,1
ia,office,polk,webster,1
ia,edp,polk,walnut,1
ia,office,polk,walnut,1
ia,edp,polk,valley,1
ia,office,polk,valley,1
ia,edp,polk,saylor,1
ia,office,polk,saylor,1
ia,edp,polk,four_mile,1
ia,office,polk,four_mile,1
ia,edp,polk,des_moines,1
ia,office,polk,des_moines,1
ia,edp,polk,delaware,1
ia,office,polk,delaware,1
ia,edp,polk,clay,1
ia,office,polk,clay,1
ia,edp,polk,bloomfield,1
ia,office,polk,bloomfield,1
ia,edp,polk,allen,1
ia,office,polk,allen,1
ia,edp,polk,all_others,2
ia,office,polk,all_others,2
ia,edp,polk,all_others,2
ia,office,polk,all_others,2
ia,edp,all_others,all_others,2
ia,office,all_others,all_others,2
tn,edp,shelby,memphis,1
tn,office,shelby,memphis,1
tn,edp,hamilton,chattanooga,3
tn,office,hamilton,chattanooga,3
tn,edp,knox,knoxville,3
tn,office,knox,knoxville,3
tn,edp,davidson,nashville,3
tn,office,davidson,nashville,3
tn,edp,carter,all_others,4
tn,office,carter,all_others,4
tn,edp,sullivan,all_others,4
tn,office,sullivan,all_others,4
tn,edp,unicoi,all_others,4
tn,office,unicoi,all_others,4
tn,edp,washington,all_others,4
tn,office,washington,all_others,4
tn,edp,all_others,all_others,5
tn,office,all_others,all_others,5
la,edp,all_others,all_others,3
la,office,all_others,all_others,3
la,edp,all_others,new_orleans,1
la,office,all_others,new_orleans,1
la,edp,jefferson_parish,all_others,2
la,office,jefferson_parish,all_others,2
la,edp,st_bernard_parish,all_others,2
la,office,st_bernard_parish,all_others,2
la,edp,all_others,baton_rouge,4
la,office,all_others,baton_rouge,4
la,edp,all_others,shreveport,4
la,office,all_others,shreveport,4
va,edp,arlington,all_others,1
va,office,arlington,all_others,1
va,edp,fairfax,all_others,1
va,office,fairfax,all_others,1
va,edp,all_others,chesapeake,2
va,office,all_others,chesapeake,2
va,edp,all_others,norfolk,2
va,office,all_others,norfolk,2
va,edp,all_others,portsmouth,2
va,office,all_others,portsmouth,2
va,edp,all_others,virginia_beach,2
va,office,all_others,virginia_beach,2
va,edp,all_others,richmond,3
va,office,all_others,richmond,3
va,edp,henrico,all_others,3
va,office,henrico,all_others,3
va,edp,chesterfield,all_others,3
va,office,chesterfield,all_others,3
va,edp,all_others,all_others,4
va,office,all_others,all_others,4
va,edp,all_others,petersburg,4
va,office,all_others,petersburg,4
mo,edp,all_others,all_others,3
mo,office,all_others,all_others,3
mo,edp,clay,all_others,3
mo,office,clay,all_others,3
mo,edp,cass,all_others,3
mo,office,cass,all_others,3
mo,edp,jackson,all_others,3
mo,office,jackson,all_others,3
mo,edp,platte,all_others,3
mo,office,platte,all_others,3
mo,edp,platte,kansas_city,1
mo,office,platte,kansas_city,1
mo,edp,jackson,kansas_city,1
mo,office,jackson,kansas_city,1
mo,edp,cass,kansas_city,1
mo,office,cass,kansas_city,1
mo,edp,clay,kansas_city,1
mo,office,clay,kansas_city,1
mo,edp,st_louis,st_louis,2
mo,office,st_louis,st_louis,2
mo,edp,st_louis,all_others,2
mo,office,st_louis,all_others,2
ks,edp,all_others,all_others,2
ks,office,all_others,all_others,2
ks,edp,sedgwick,all_others,2
ks,office,sedgwick,all_others,2
ks,edp,johnson,all_others,2
ks,office,johnson,all_others,2
ks,edp,wyandotte,prairie,2
ks,office,wyandotte,prairie,2
ks,edp,wyandotte,delaware,2
ks,office,wyandotte,delaware,2
ks,edp,sedgwick,delano,1
ks,office,sedgwick,delano,1
ks,edp,sedgwick,gypsum,1
ks,office,sedgwick,gypsum,1
ks,edp,sedgwick,kechi,1
ks,office,sedgwick,kechi,1
ks,edp,sedgwick,minneha,1
ks,office,sedgwick,minneha,1
ks,edp,johnson,mission,1
ks,office,johnson,mission,1
ks,edp,all_others,park,1
ks,office,all_others,park,1
ks,edp,sedgwick,payne,1
ks,office,sedgwick,payne,1
ks,edp,sedgwick,riverside,1
ks,office,sedgwick,riverside,1
ks,edp,johnson,shawnee,1
ks,office,johnson,shawnee,1
ks,edp,sedgwick,waco,1
ks,office,sedgwick,waco,1
ks,edp,sedgwick,wichita,1
ks,office,sedgwick,wichita,1
ks,edp,wyandotte,all_others,1
ks,office,wyandotte,all_others,1
in,edp,all_others,all_others,6
in,office,all_others,all_others,6
in,edp,allen,all_others,6
in,office,allen,all_others,6
in,edp,allen,fort_wayne,4
in,office,allen,fort_wayne,4
in,edp,delaware,all_others,6
in,office,delaware,all_others,6
in,edp,delaware,muncie,4
in,office,delaware,muncie,4
in,edp,lake,all_others,6
in,office,lake,all_others,6
in,edp,lake,east_chicago,2
in,office,lake,east_chicago,2
in,edp,lake,east_gary,2
in,office,lake,east_gary,2
in,edp,lake,gary,2
in,office,lake,gary,2
in,edp,lake,hammond,2
in,office,lake,hammond,2
in,edp,lake,lake_station,2
in,office,lake,lake_station,2
in,edp,lake,whiting,2
in,office,lake,whiting,2
in,edp,marion,all_others,1
in,office,marion,all_others,1
in,edp,st_joseph,all_others,6
in,office,st_joseph,all_others,6
in,edp,st_joseph,mishawaka,4
in,office,st_joseph,mishawaka,4
in,edp,st_joseph,south_bend,4
in,office,st_joseph,south_bend,4
in,edp,vanderburgh,all_others,6
in,office,vanderburgh,all_others,6
in,edp,vanderburgh,evansville,4
in,office,vanderburgh,evansville,4
in,edp,vigo,all_others,6
in,office,vigo,all_others,6
in,edp,vigo,terre_haute,4
in,office,vigo,terre_haute,4
ok,edp,all_others,all_others,3
ok,office,all_others,all_others,3
ok,edp,oklahoma,all_others,3
ok,office,oklahoma,all_others,3
ok,edp,oklahoma,oklahoma_city,1
ok,office,oklahoma,oklahoma_city,1
ok,edp,canadian,all_others,3
ok,office,canadian,all_others,3
ok,edp,canadian,oklahoma_city,1
ok,office,canadian,oklahoma_city,1
ok,edp,cleveland,all_others,3
ok,office,cleveland,all_others,3
ok,edp,cleveland,oklahoma_city,1
ok,office,cleveland,oklahoma_city,1
ok,edp,pottawatomie,all_others,3
ok,office,pottawatomie,all_others,3
ok,edp,pottawatomie,oklahoma_city,1
ok,office,pottawatomie,oklahoma_city,1
ok,edp,tulsa,all_others,3
ok,office,tulsa,all_others,3
ok,edp,tulsa,tulsa,2
ok,office,tulsa,tulsa,2
ok,edp,osage,all_others,3
ok,office,osage,all_others,3
ok,edp,osage,tulsa,2
ok,office,osage,tulsa,2
ok,edp,rogers,all_others,3
ok,office,rogers,all_others,3
ok,edp,rogers,tulsa,2
ok,office,rogers,tulsa,2
ok,edp,wagoner,all_others,3
ok,office,wagoner,all_others,3
ok,edp,wagoner,tulsa,2
ok,office,wagoner,tulsa,2
wi,edp,all_others,all_others,3
wi,office,all_others,all_others,3
wi,edp,milwaukee,all_others,1
wi,office,milwaukee,all_others,1
wi,edp,brown,allouez,2
wi,office,brown,allouez,2
wi,edp,brown,ashwaubenon,2
wi,office,brown,ashwaubenon,2
wi,edp,brown,bellevue,2
wi,office,brown,bellevue,2
wi,edp,dane,bloomg_grove,2
wi,office,dane,bloomg_grove,2
wi,edp,dane,burke,2
wi,office,dane,burke,2
wi,edp,racine,caledonia,2
wi,office,racine,caledonia,2
wi,edp,brown,depere,2
wi,office,brown,depere,2
wi,edp,dane,dunn,2
wi,office,dane,dunn,2
wi,edp,dane,fitchburg,2
wi,office,dane,fitchburg,2
wi,edp,brown,hobart,2
wi,office,brown,hobart,2
wi,edp,brown,howard,2
wi,office,brown,howard,2
wi,edp,brown,lawrence,2
wi,office,brown,lawrence,2
wi,edp,dane,madison,2
wi,office,dane,madison,2
wi,edp,dane,middleton,2
wi,office,dane,middleton,2
wi,edp,racine,mount_pleasant,2
wi,office,racine,mount_pleasant,2
wi,edp,kenosha,pleasant_prairie,2
wi,office,kenosha,pleasant_prairie,2
wi,edp,brown,preble,2
wi,office,brown,preble,2
wi,edp,kenosha,somers,2
wi,office,kenosha,somers,2
wi,edp,dane,springfield,2
wi,office,dane,springfield,2
wi,edp,dane,verona,2
wi,office,dane,verona,2
wi,edp,dane,westport,2
wi,office,dane,westport,2
ca,edp,san_diego,all_others,4
ca,office,san_diego,all_others,4
ca,edp,san_francisco,all_others,1
ca,office,san_francisco,all_others,1
ca,edp,san_mateo,all_others,7
ca,office,san_mateo,all_others,7
ca,edp,alameda,alameda,2
ca,office,alameda,alameda,2
ca,edp,alameda,albany,2
ca,office,alameda,albany,2
ca,edp,alameda,berkeley,2
ca,office,alameda,berkeley,2
ca,edp,contra_costa,el_cerrito,2
ca,office,contra_costa,el_cerrito,2
ca,edp,alameda,emeryville,2
ca,office,alameda,emeryville,2
ca,edp,alameda,hayward,2
ca,office,alameda,hayward,2
ca,edp,alameda,oakland,2
ca,office,alameda,oakland,2
ca,edp,alameda,piedmont,2
ca,office,alameda,piedmont,2
ca,edp,contra_costa,richmond,2
ca,office,contra_costa,richmond,2
ca,edp,alameda,san_leandro,2
ca,office,alameda,san_leandro,2
ca,edp,alameda,san_lorenzo,2
ca,office,alameda,san_lorenzo,2
ca,edp,alameda,san_pablo,2
ca,office,alameda,san_pablo,2
ca,edp,los_angeles,all_others,3
ca,office,los_angeles,all_others,3
ca,edp,fresno,all_others,5
ca,office,fresno,all_others,5
ca,edp,kern,all_others,5
ca,office,kern,all_others,5
ca,edp,sacramento,all_others,5
ca,office,sacramento,all_others,5
ca,edp,san_joaquin,all_others,5
ca,office,san_joaquin,all_others,5
ca,edp,orange_county,all_others,6
ca,office,orange_county,all_others,6
ca,edp,santa_clara,all_others,7
ca,office,santa_clara,all_others,7
ca,edp,santa_barbara,all_others,9
ca,office,santa_barbara,all_others,9
ca,edp,ventura,all_others,9
ca,office,ventura,all_others,9
ca,edp,marin,all_others,11
ca,office,marin,all_others,11
ca,edp,napa,all_others,11
ca,office,napa,all_others,11
ca,edp,solano,all_others,11
ca,office,solano,all_others,11
ca,edp,sonoma,all_others,11
ca,office,sonoma,all_others,11
ca,edp,all_others,all_others,12
ca,office,all_others,all_others,12
co,edp,adams,adams_city,1
co,edp,adams,all_others,2
co,edp,adams,arvada,1
co,edp,adams,aurora,1
co,edp,adams,CherryHills,1
co,edp,adams,derby,1
co,edp,adams,dupont,1
co,edp,adams,edgewater,1
co,edp,adams,englewood,1
co,edp,adams,fitzsimons,1
co,edp,adams,ft_logan,1
co,edp,adams,golden,1
co,edp,adams,lakeside,1
co,edp,adams,lakewood,1
co,edp,adams,littleton,1
co,edp,adams,mount_morrison,1
co,edp,adams,sheridan,1
co,edp,adams,sullivan,1
co,edp,adams,westminster,1
co,edp,adams,wheat_ridge,1
co,edp,all_others,all_others,2
co,edp,arapahoe,adams_city,1
co,edp,arapahoe,all_others,2
co,edp,arapahoe,arvada,1
co,edp,arapahoe,aurora,1
co,edp,arapahoe,cherry_hills,1
co,edp,arapahoe,derby,1
co,edp,arapahoe,dupont,1
co,edp,arapahoe,edgewater,1
co,edp,arapahoe,englewood,1
co,edp,arapahoe,fitzsimons,1
co,edp,arapahoe,ft_logan,1
co,edp,arapahoe,golden,1
co,edp,arapahoe,lakeside,1
co,edp,arapahoe,lakewood,1
co,edp,arapahoe,littleton,1
co,edp,arapahoe,mount_morrison,1
co,edp,arapahoe,sheridan,1
co,edp,arapahoe,sullivan,1
co,edp,arapahoe,westminster,1
co,edp,arapahoe,wheat_ridge,1
co,edp,jefferson,adams_city,1
co,edp,jefferson,all_others,2
co,edp,jefferson,arvada,1
co,edp,jefferson,aurora,1
co,edp,jefferson,cherry_hills,1
co,edp,jefferson,derby,1
co,edp,jefferson,dupont,1
co,edp,jefferson,edgewater,1
co,edp,jefferson,englewood,1
co,edp,jefferson,fitzsimons,1
co,edp,jefferson,ft_logan,1
co,edp,jefferson,golden,1
co,edp,jefferson,lakeside,1
co,edp,jefferson,lakewood,1
co,edp,jefferson,littleton,1
co,edp,jefferson,mount_morrison,1
co,edp,jefferson,sheridan,1
co,edp,jefferson,sullivan,1
co,edp,jefferson,westminster,1
co,edp,jefferson,wheat_ridge,1
co,office,adams,adams_city,1
co,office,adams,all_others,2
co,office,adams,arvada,1
co,office,adams,aurora,1
co,office,adams,CherryHills,1
co,office,adams,derby,1
co,office,adams,dupont,1
co,office,adams,edgewater,1
co,office,adams,englewood,1
co,office,adams,fitzsimons,1
co,office,adams,ft_logan,1
co,office,adams,golden,1
co,office,adams,lakeside,1
co,office,adams,lakewood,1
co,office,adams,littleton,1
co,office,adams,mount_morrison,1
co,office,adams,sheridan,1
co,office,adams,sullivan,1
co,office,adams,westminster,1
co,office,adams,wheat_ridge,1
co,office,all_others,all_others,2
co,office,arapahoe,adams_city,1
co,office,arapahoe,all_others,2
co,office,arapahoe,arvada,1
co,office,arapahoe,aurora,1
co,office,arapahoe,cherry_hills,1
co,office,arapahoe,derby,1
co,office,arapahoe,dupont,1
co,office,arapahoe,edgewater,1
co,office,arapahoe,englewood,1
co,office,arapahoe,fitzsimons,1
co,office,arapahoe,ft_logan,1
co,office,arapahoe,golden,1
co,office,arapahoe,lakeside,1
co,office,arapahoe,lakewood,1
co,office,arapahoe,littleton,1
co,office,arapahoe,mount_morrison,1
co,office,arapahoe,sheridan,1
co,office,arapahoe,sullivan,1
co,office,arapahoe,westminster,1
co,office,arapahoe,wheat_ridge,1
co,office,jefferson,adams_city,1
co,office,jefferson,all_others,2
co,office,jefferson,arvada,1
co,office,jefferson,aurora,1
co,office,jefferson,cherry_hills,1
co,office,jefferson,derby,1
co,office,jefferson,dupont,1
co,office,jefferson,edgewater,1
co,office,jefferson,englewood,1
co,office,jefferson,fitzsimons,1
co,office,jefferson,ft_logan,1
co,office,jefferson,golden,1
co,office,jefferson,lakeside,1
co,office,jefferson,lakewood,1
co,office,jefferson,littleton,1
co,office,jefferson,mount_morrison,1
co,office,jefferson,sheridan,1
co,office,jefferson,sullivan,1
co,office,jefferson,westminster,1
co,office,jefferson,wheat_ridge,1
il,edp,all_others,all_others,14
il,edp,cook,all_others,7
il,edp,cook,argo,6
il,edp,cook,bedford_park,6
il,edp,cook,blue_island,6
il,edp,cook,burnham,6
il,edp,cook,calumet_park,6
il,edp,cook,chicago,1
il,edp,cook,cicero,6
il,edp,cook,dolton,6
il,edp,cook,elmwood_park,6
il,edp,cook,evanston,6
il,edp,cook,evergreen_park,6
il,edp,cook,harwood_heights,6
il,edp,cook,hometown,6
il,edp,cook,lincolnwood,6
il,edp,cook,melrose_park,6
il,edp,cook,merrionette_park,6
il,edp,cook,niles,6
il,edp,cook,norridge,6
il,edp,cook,oak_park,6
il,edp,cook,park_ridge,6
il,edp,cook,river_grove,6
il,edp,cook,riverdale,6
il,edp,cook,stickney,6
il,edp,cook,summit,6
il,edp,dupage,all_others,9
il,edp,kane,all_others,9
il,edp,lake,all_others,9
il,edp,madison,all_others,14
il,edp,madison,granite_city,4
il,edp,madison,nameoki,4
il,edp,madison,venice,4
il,edp,peoria,all_others,14
il,edp,peoria,peoria,8
il,edp,rock_island,all_others,14
il,edp,rock_island,moline,8
il,edp,rock_island,rock_island,8
il,edp,sangamon,all_others,14
il,edp,sangamon,springfield,8
il,edp,st_clair,all_others,14
il,edp,st_clair,canteen,4
il,edp,st_clair,centerville,4
il,edp,st_clair,east_st_louis,4
il,edp,st_clair,stites,4
il,edp,will,all_others,9
il,edp,winnebago,all_others,14
il,edp,winnebago,rockford,8
il,office,all_others,all_others,14
il,office,cook,all_others,7
il,office,cook,argo,6
il,office,cook,bedford_park,6
il,office,cook,blue_island,6
il,office,cook,burnham,6
il,office,cook,calumet_park,6
il,office,cook,chicago,1
il,office,cook,cicero,6
il,office,cook,dolton,6
il,office,cook,elmwood_park,6
il,office,cook,evanston,6
il,office,cook,evergreen_park,6
il,office,cook,harwood_heights,6
il,office,cook,hometown,6
il,office,cook,lincolnwood,6
il,office,cook,melrose_park,6
il,office,cook,merrionette_park,6
il,office,cook,niles,6
il,office,cook,norridge,6
il,office,cook,oak_park,6
il,office,cook,park_ridge,6
il,office,cook,river_grove,6
il,office,cook,riverdale,6
il,office,cook,stickney,6
il,office,cook,summit,6
il,office,dupage,all_others,9
il,office,kane,all_others,9
il,office,lake,all_others,9
il,office,madison,all_others,14
il,office,madison,granite_city,4
il,office,madison,nameoki,4
il,office,madison,venice,4
il,office,peoria,all_others,14
il,office,peoria,peoria,8
il,office,rock_island,all_others,14
il,office,rock_island,moline,8
il,office,rock_island,rock_island,8
il,office,sangamon,all_others,14
il,office,sangamon,springfield,8
il,office,st_clair,all_others,14
il,office,st_clair,canteen,4
il,office,st_clair,centerville,4
il,office,st_clair,east_st_louis,4
il,office,st_clair,stites,4
il,office,will,all_others,9
il,office,winnebago,all_others,14
il,office,winnebago,rockford,8
ky,edp,all_others,all_others,3
ky,edp,jefferson,all_others,3
ky,edp,jefferson,alms_house,1
ky,edp,jefferson,anchorage,1
ky,edp,jefferson,buechel,1
ky,edp,jefferson,crescent_hill,1
ky,edp,jefferson,dravo,1
ky,edp,jefferson,e_louisville,1
ky,edp,jefferson,fern_creek,1
ky,edp,jefferson,glenview,1
ky,edp,jefferson,harrods_creek,1
ky,edp,jefferson,highland_park,1
ky,edp,jefferson,hikes_point,1
ky,edp,jefferson,jeffersontown,1
ky,edp,jefferson,lakeland,1
ky,edp,jefferson,lochland,1
ky,edp,jefferson,louisville,1
ky,edp,jefferson,lyndon,1
ky,edp,jefferson,medora,1
ky,edp,jefferson,middletown,1
ky,edp,jefferson,newburgh,1
ky,edp,jefferson,oakdale,1
ky,edp,jefferson,okolona,1
ky,edp,jefferson,pleasure_ridge_park,1
ky,edp,jefferson,prestonia,1
ky,edp,jefferson,shively,1
ky,edp,jefferson,south_park,1
ky,edp,jefferson,st_matthews,1
ky,edp,jefferson,stonestreet,1
ky,edp,jefferson,strawberry,1
ky,edp,jefferson,valley_station,1
ky,edp,jefferson,waverly_hills,1
ky,edp,jefferson,whitner,1
ky,office,all_others,all_others,3
ky,office,jefferson,all_others,3
ky,office,jefferson,alms_house,1
ky,office,jefferson,anchorage,1
ky,office,jefferson,buechel,1
ky,office,jefferson,crescent_hill,1
ky,office,jefferson,dravo,1
ky,office,jefferson,e_louisville,1
ky,office,jefferson,fern_creek,1
ky,office,jefferson,glenview,1
ky,office,jefferson,harrods_creek,1
ky,office,jefferson,highland_park,1
ky,office,jefferson,hikes_point,1
ky,office,jefferson,jeffersontown,1
ky,office,jefferson,lakeland,1
ky,office,jefferson,lochland,1
ky,office,jefferson,louisville,1
ky,office,jefferson,lyndon,1
ky,office,jefferson,medora,1
ky,office,jefferson,middletown,1
ky,office,jefferson,newburgh,1
ky,office,jefferson,oakdale,1
ky,office,jefferson,okolona,1
ky,office,jefferson,pleasure_ridge_park,1
ky,office,jefferson,prestonia,1
ky,office,jefferson,shively,1
ky,office,jefferson,south_park,1
ky,office,jefferson,st_matthews,1
ky,office,jefferson,stonestreet,1
ky,office,jefferson,strawberry,1
ky,office,jefferson,valley_station,1
ky,office,jefferson,waverly_hills,1
ky,office,jefferson,whitner,1
md,edp,all_others,all_others,1
md,edp,montgomery,all_others,1
md,edp,prince_georges,all_others,1
md,edp,montgomery,bethesda,2
md,edp,montgomery,chevy,2
md,edp,montgomery,chase,2
md,edp,montgomery,garrett_park,2
md,edp,montgomery,glen_echo,2
md,edp,montgomery,kensington,2
md,edp,montgomery,silver_spring,2
md,edp,prince_georges,ardwick,2
md,edp,prince_georges,berwyn,2
md,edp,prince_georges,bladensburg,2
md,edp,prince_georges,brentwood,2
md,edp,prince_georges,capitol_heights,2
md,edp,prince_georges,college_park,2
md,edp,prince_georges,colmar_manor,2
md,edp,prince_georges,cottage_city,2
md,edp,prince_georges,district_heights,2
md,edp,prince_georges,glenarden,2
md,edp,prince_georges,greenbelt,2
md,edp,prince_georges,hyattsville,2
md,edp,prince_georges,landover,2
md,edp,prince_georges,largo,2
md,edp,prince_georges,laurel,2
md,edp,prince_georges,mount_rainier,2
md,edp,prince_georges,new_carrollton,2
md,edp,prince_georges,riverdale,2
md,edp,prince_georges,seat_pleasant,2
md,edp,prince_georges,university_park,2
md,edp,prince_georges,alexandria_junction,2
md,edp,prince_georges,huntsville,2
md,edp,montgomery,beane,2
md,edp,montgomery,behrend,2
md,edp,montgomery,berry,2
md,edp,prince_georges,brooks,2
md,edp,montgomery,burnt_mills,2
md,edp,montgomery,cabin_john,2
md,edp,prince_georges,camp_springs,2
md,edp,prince_georges,oxon_hill,2
md,edp,prince_georges,rosecroft,2
md,edp,prince_georges,silesia,2
md,edp,montgomery,cropley,2
md,edp,prince_georges,silver_hill,2
md,edp,montgomery,forest_glen,2
md,edp,montgomery,sligo,2
md,edp,prince_georges,tuxedo,2
md,edp,montgomery,wheaton,2
md,edp,montgomery,woodside,2
md,edp,baltimore,all_others,1
md,edp,baltimore,brooklandville,3
md,edp,baltimore,carney,3
md,edp,baltimore,catonsville,3
md,edp,baltimore,dundalk,3
md,edp,baltimore,edgemere,3
md,edp,baltimore,essex,3
md,edp,baltimore,garrison,3
md,edp,baltimore,middle_river,3
md,edp,baltimore,owings_mills,3
md,edp,baltimore,perry_hall,3
md,edp,baltimore,pikesville,3
md,edp,baltimore,randallstown,3
md,edp,baltimore,rosedale,3
md,edp,baltimore,rossville,3
md,edp,baltimore,towson,3
md,edp,anne_arundel,curtis_bay,3
md,edp,anne_arundel,glen_burnie,3
md,edp,anne_arundel,linthicum,3
md,edp,anne_arundel,marley,3
md,edp,anne_arundel,north_linthicum,3
md,edp,howard,elkridge,3
md,edp,howard,ellicott_city,3
md,edp,howard,ilchester,3
md,edp,howard,columbia,3
md,edp,howard,all_others,1
md,edp,anne_arundel,all_others,1
md,office,all_others,all_others,1
md,office,montgomery,all_others,1
md,office,prince_georges,all_others,1
md,office,montgomery,bethesda,2
md,office,montgomery,chevy,2
md,office,montgomery,chase,2
md,office,montgomery,garrett_park,2
md,office,montgomery,glen_echo,2
md,office,montgomery,kensington,2
md,office,montgomery,silver_spring,2
md,office,prince_georges,ardwick,2
md,office,prince_georges,berwyn,2
md,office,prince_georges,bladensburg,2
md,office,prince_georges,brentwood,2
md,office,prince_georges,capitol_heights,2
md,office,prince_georges,college_park,2
md,office,prince_georges,colmar_manor,2
md,office,prince_georges,cottage_city,2
md,office,prince_georges,district_heights,2
md,office,prince_georges,glenarden,2
md,office,prince_georges,greenbelt,2
md,office,prince_georges,hyattsville,2
md,office,prince_georges,landover,2
md,office,prince_georges,largo,2
md,office,prince_georges,laurel,2
md,office,prince_georges,mount_rainier,2
md,office,prince_georges,new_carrollton,2
md,office,prince_georges,riverdale,2
md,office,prince_georges,seat_pleasant,2
md,office,prince_georges,university_park,2
md,office,prince_georges,alexandria_junction,2
md,office,prince_georges,huntsville,2
md,office,montgomery,beane,2
md,office,montgomery,behrend,2
md,office,montgomery,berry,2
md,office,prince_georges,brooks,2
md,office,montgomery,burnt_mills,2
md,office,montgomery,cabin_john,2
md,office,prince_georges,camp_springs,2
md,office,prince_georges,oxon_hill,2
md,office,prince_georges,rosecroft,2
md,office,prince_georges,silesia,2
md,office,montgomery,cropley,2
md,office,prince_georges,silver_hill,2
md,office,montgomery,forest_glen,2
md,office,montgomery,sligo,2
md,office,prince_georges,tuxedo,2
md,office,montgomery,wheaton,2
md,office,montgomery,woodside,2
md,office,baltimore,all_others,1
md,office,baltimore,brooklandville,3
md,office,baltimore,carney,3
md,office,baltimore,catonsville,3
md,office,baltimore,dundalk,3
md,office,baltimore,edgemere,3
md,office,baltimore,essex,3
md,office,baltimore,garrison,3
md,office,baltimore,middle_river,3
md,office,baltimore,owings_mills,3
md,office,baltimore,perry_hall,3
md,office,baltimore,pikesville,3
md,office,baltimore,randallstown,3
md,office,baltimore,rosedale,3
md,office,baltimore,rossville,3
md,office,baltimore,towson,3
md,office,anne_arundel,curtis_bay,3
md,office,anne_arundel,glen_burnie,3
md,office,anne_arundel,linthicum,3
md,office,anne_arundel,marley,3
md,office,anne_arundel,north_linthicum,3
md,office,howard,elkridge,3
md,office,howard,ellicott_city,3
md,office,howard,ilchester,3
md,office,howard,columbia,3
md,office,howard,all_others,1
md,office,anne_arundel,all_others,1
mi,edp,macomb,all_others,3
mi,edp,oakland,all_others,3
mi,edp,wayne,all_others,3
mi,edp,wayne,allen_park,1
mi,edp,wayne,dearborn,1
mi,edp,wayne,dearborn_heights,1
mi,edp,macomb,east_detroit,1
mi,edp,wayne,detroit,1
mi,edp,wayne,ecorse,1
mi,edp,oakland,ferndale,1
mi,edp,wayne,gross_pointe,1
mi,edp,wayne,gross_pointe_farms,1
mi,edp,wayne,gross_pointe_park,1
mi,edp,wayne,gross_pointe_shores,1
mi,edp,wayne,gross_pointe_woods,1
mi,edp,wayne,hamtramck,1
mi,edp,oakland,hazel_park,1
mi,edp,wayne,highland_park,1
mi,edp,wayne,Inkster,1
mi,edp,wayne,lincoln_park,1
mi,edp,wayne,melvindale,1
mi,edp,oakland,oak_park,1
mi,edp,oakland,pleasant_ridge,1
mi,edp,wayne,redford_township,1
mi,edp,wayne,river_rouge,1
mi,edp,wayne,riverview,1
mi,edp,wayne,southgate,1
mi,edp,wayne,trenton,1
mi,edp,wayne,taylor,1
mi,edp,wayne,woodhaven,1
mi,edp,wayne,wyandotte,1
mi,edp,wayne,gross_isle,1
mi,edp,all_others,all_others,5
mi,edp,washtenaw,ann_arbor,4
mi,edp,calhoun,battle_creek,4
mi,edp,bay,bay_city,4
mi,edp,berrien,benton_harbor,4
mi,edp,genesee,flint,4
mi,edp,kent,grand_rapids,4
mi,edp,jackson,jackson,4
mi,edp,kalamazoo,kalamazoo,4
mi,edp,ingham,lansing,4
mi,edp,eaton,lansing,4
mi,edp,clinton,lansing,4
mi,edp,midland,midland,4
mi,edp,muskegon,muskegon,4
mi,edp,berrien,niles,4
mi,edp,cass,niles,4
mi,edp,st.clair,port_huron,4
mi,edp,saginaw,saginaw,4
mi,edp,berrien,saint_joseph,4
mi,edp,washtenaw,ypsilanti,4
mi,office,macomb,all_others,3
mi,office,oakland,all_others,3
mi,office,wayne,all_others,3
mi,office,wayne,allen_park,1
mi,office,wayne,dearborn,1
mi,office,wayne,dearborn_heights,1
mi,office,macomb,east_detroit,1
mi,office,wayne,detroit,1
mi,office,wayne,ecorse,1
mi,office,oakland,ferndale,1
mi,office,wayne,gross_pointe,1
mi,office,wayne,gross_pointe_farms,1
mi,office,wayne,gross_pointe_park,1
mi,office,wayne,gross_pointe_shores,1
mi,office,wayne,gross_pointe_woods,1
mi,office,wayne,hamtramck,1
mi,office,oakland,hazel_park,1
mi,office,wayne,highland_park,1
mi,office,wayne,Inkster,1
mi,office,wayne,lincoln_park,1
mi,office,wayne,melvindale,1
mi,office,oakland,oak_park,1
mi,office,oakland,pleasant_ridge,1
mi,office,wayne,redford_township,1
mi,office,wayne,river_rouge,1
mi,office,wayne,riverview,1
mi,office,wayne,southgate,1
mi,office,wayne,trenton,1
mi,office,wayne,taylor,1
mi,office,wayne,woodhaven,1
mi,office,wayne,wyandotte,1
mi,office,wayne,gross_isle,1
mi,office,all_others,all_others,5
mi,office,washtenaw,ann_arbor,4
mi,office,calhoun,battle_creek,4
mi,office,bay,bay_city,4
mi,office,berrien,benton_harbor,4
mi,office,genesee,flint,4
mi,office,kent,grand_rapids,4
mi,office,jackson,jackson,4
mi,office,kalamazoo,kalamazoo,4
mi,office,ingham,lansing,4
mi,office,eaton,lansing,4
mi,office,clinton,lansing,4
mi,office,midland,midland,4
mi,office,muskegon,muskegon,4
mi,office,berrien,niles,4
mi,office,cass,niles,4
mi,office,st.clair,port_huron,4
mi,office,saginaw,saginaw,4
mi,office,berrien,saint_joseph,4
mi,office,washtenaw,ypsilanti,4
mn,edp,all_others,all_others,2
mn,edp,st_louis,duluth,3
mn,edp,hennepin,bloomington,1
mn,edp,hennepin,brooklyn_center,1
mn,edp,anoka,columbia_heights,1
mn,edp,hennepin,crystal,1
mn,edp,hennepin,edina,1
mn,edp,ramsey,falcon_heights,1
mn,edp,anoka,fridley,1
mn,edp,hennepin,golden_valley,1
mn,edp,anoka,hilltop,1
mn,edp,hennepin,hopkins,1
mn,edp,ramsey,lauderdale,1
mn,edp,dakota,lilydale,1
mn,edp,ramsey,little_canada,1
mn,edp,ramsey,maplewood,1
mn,edp,dakota,mendota,1
mn,edp,dakota,mendota_heights,1
mn,edp,ramsey,mounds_view,1
mn,edp,ramsey,new_brighton,1
mn,edp,hennepin,new_hope,1
mn,edp,washington,newport,1
mn,edp,ramsey,north_st_paul,1
mn,edp,hennepin,richfield,1
mn,edp,hennepin,robbinsdale,1
mn,edp,ramsey,roseville,1
mn,edp,hennepin,st_anthony,1
mn,edp,ramsey,st_anthony,1
mn,edp,hennepin,st_louis_park,1
mn,edp,washington,st_paul_park,1
mn,edp,dakota,south_st_paul,1
mn,edp,anoka,spring_lake_park,1
mn,edp,ramsey,spring_lake_park,1
mn,edp,dakota,west_st_paul,1
mn,edp,hennepin,minneapolis,1
mn,edp,ramsey,st_paul,1
mn,edp,hennepin,fort_snelling,1
mn,edp,all_others,msp_international_airport,1
mn,office,all_others,all_others,2
mn,office,st_louis,duluth,3
mn,office,hennepin,bloomington,1
mn,office,hennepin,brooklyn_center,1
mn,office,anoka,columbia_heights,1
mn,office,hennepin,crystal,1
mn,office,hennepin,edina,1
mn,office,ramsey,falcon_heights,1
mn,office,anoka,fridley,1
mn,office,hennepin,golden_valley,1
mn,office,anoka,hilltop,1
mn,office,hennepin,hopkins,1
mn,office,ramsey,lauderdale,1
mn,office,dakota,lilydale,1
mn,office,ramsey,little_canada,1
mn,office,ramsey,maplewood,1
mn,office,dakota,mendota,1
mn,office,dakota,mendota_heights,1
mn,office,ramsey,mounds_view,1
mn,office,ramsey,new_brighton,1
mn,office,hennepin,new_hope,1
mn,office,washington,newport,1
mn,office,ramsey,north_st_paul,1
mn,office,hennepin,richfield,1
mn,office,hennepin,robbinsdale,1
mn,office,ramsey,roseville,1
mn,office,hennepin,st_anthony,1
mn,office,ramsey,st_anthony,1
mn,office,hennepin,st_louis_park,1
mn,office,washington,st_paul_park,1
mn,office,dakota,south_st_paul,1
mn,office,anoka,spring_lake_park,1
mn,office,ramsey,spring_lake_park,1
mn,office,dakota,west_st_paul,1
mn,office,hennepin,minneapolis,1
mn,office,ramsey,st_paul,1
mn,office,hennepin,fort_snelling,1
mn,office,all_others,msp_international_airport,1
nj,edp,all_others,all_others,17
nj,edp,atlantic,atlantic_city,1
nj,edp,atlantic,all_others,17
nj,edp,essex,all_others,2
nj,edp,essex,belleville,3
nj,edp,essex,bloomfield,3
nj,edp,essex,east_orange,3
nj,edp,essex,irvington,3
nj,edp,essex,orange,3
nj,edp,essex,newark,6
nj,edp,hudson,jersey_city,4
nj,edp,hudson,all_others,6
nj,edp,passaic,all_others,5
nj,edp,passaic,clifton,5
nj,edp,passaic,passaic,5
nj,edp,passaic,paterson,5
nj,edp,bergen,east_paterson,5
nj,edp,bergen,lodi,5
nj,edp,bergen,wallington,5
nj,edp,bergen,garfield,5
nj,edp,bergen,all_others,15
nj,edp,union,elizabeth,7
nj,edp,union,all_others,16
nj,edp,middlesex,perth_amboy,8
nj,edp,middlesex,all_others,17
nj,edp,ocean,lakewood_township,9
nj,edp,ocean,all_others,17
nj,edp,monmouth,all_others,17
nj,edp,monmouth,asbury_park,11
nj,edp,monmouth,long_branch,11
nj,edp,monmouth,allenhurst,11
nj,edp,monmouth,atlantic_highlands,11
nj,edp,monmouth,avon_by_the_sea,11
nj,edp,ocean,bay_head,11
nj,edp,ocean,bay_head_junction,11
nj,edp,monmouth,belford_north,11
nj,edp,monmouth,belmar,11
nj,edp,monmouth,bradley_beach,11
nj,edp,monmouth,branchport,11
nj,edp,monmouth,brielle,11
nj,edp,monmouth,deal,11
nj,edp,monmouth,east_keansburg,11
nj,edp,monmouth,east_long_branch,11
nj,edp,monmouth,elberon,11
nj,edp,monmouth,highland_beach,11
nj,edp,monmouth,highlands,11
nj,edp,monmouth,keansburg,11
nj,edp,ocean,lavallette,11
nj,edp,monmouth,leonardo,11
nj,edp,monmouth,loch_arbour,11
nj,edp,ocean,long_branch,11
nj,edp,monmouth,manasquan,11
nj,edp,ocean,mantoloking,11
nj,edp,ocean,monmouth_beach,11
nj,edp,ocean,natco,11
nj,edp,monmouth,normandy_beach,11
nj,edp,monmouth,ocean_grove,11
nj,edp,monmouth,ortley,11
nj,edp,ocean,point_pleasant,11
nj,edp,ocean,point_pleasant_beach,11
nj,edp,monmouth,port_monmouth,11
nj,edp,monmouth,sea_girt,11
nj,edp,ocean,seabright,11
nj,edp,monmouth,seaside_heights,11
nj,edp,monmouth,seaside_park,11
nj,edp,monmouth,south_belmar,11
nj,edp,monmouth,spring_lake,11
nj,edp,monmouth,union_beach,11
nj,edp,monmouth,water_witch,11
nj,edp,monmouth,west_end,11
nj,edp,middlesex,new_brunswick,12
nj,edp,camden,camden,13
nj,edp,camden,all_others,17
nj,edp,mercer,trenton,13
nj,edp,camden,audubon,13
nj,edp,camden,audubon_park,13
nj,edp,camden,cherry_hill,13
nj,edp,camden,collingswood,13
nj,edp,camden,haddon,13
nj,edp,camden,haddon_heights,13
nj,edp,camden,haddonfield,13
nj,edp,camden,merchantville,13
nj,edp,camden,oaklyn,13
nj,edp,camden,pennsauken,13
nj,edp,camden,wood_lynne,13
nj,edp,mercer,ewing,13
nj,edp,mercer,hamilton,13
nj,edp,mercer,lawrence,13
nj,edp,mercer,all_others,17
nj,office,all_others,all_others,17
nj,office,atlantic,atlantic_city,1
nj,office,atlantic,all_others,17
nj,office,essex,all_others,2
nj,office,essex,belleville,3
nj,office,essex,bloomfield,3
nj,office,essex,east_orange,3
nj,office,essex,irvington,3
nj,office,essex,orange,3
nj,office,essex,newark,6
nj,office,hudson,jersey_city,4
nj,office,hudson,all_others,6
nj,office,passaic,all_others,5
nj,office,passaic,clifton,5
nj,office,passaic,passaic,5
nj,office,passaic,paterson,5
nj,office,bergen,east_paterson,5
nj,office,bergen,lodi,5
nj,office,bergen,wallington,5
nj,office,bergen,garfield,5
nj,office,bergen,all_others,15
nj,office,union,elizabeth,7
nj,office,union,all_others,16
nj,office,middlesex,perth_amboy,8
nj,office,middlesex,all_others,17
nj,office,ocean,lakewood_township,9
nj,office,ocean,all_others,17
nj,office,monmouth,all_others,17
nj,office,monmouth,asbury_park,11
nj,office,monmouth,long_branch,11
nj,office,monmouth,allenhurst,11
nj,office,monmouth,atlantic_highlands,11
nj,office,monmouth,avon_by_the_sea,11
nj,office,ocean,bay_head,11
nj,office,ocean,bay_head_junction,11
nj,office,monmouth,belford_north,11
nj,office,monmouth,belmar,11
nj,office,monmouth,bradley_beach,11
nj,office,monmouth,branchport,11
nj,office,monmouth,brielle,11
nj,office,monmouth,deal,11
nj,office,monmouth,east_keansburg,11
nj,office,monmouth,east_long_branch,11
nj,office,monmouth,elberon,11
nj,office,monmouth,highland_beach,11
nj,office,monmouth,highlands,11
nj,office,monmouth,keansburg,11
nj,office,ocean,lavallette,11
nj,office,monmouth,leonardo,11
nj,office,monmouth,loch_arbour,11
nj,office,ocean,long_branch,11
nj,office,monmouth,manasquan,11
nj,office,ocean,mantoloking,11
nj,office,ocean,monmouth_beach,11
nj,office,ocean,natco,11
nj,office,monmouth,normandy_beach,11
nj,office,monmouth,ocean_grove,11
nj,office,monmouth,ortley,11
nj,office,ocean,point_pleasant,11
nj,office,ocean,point_pleasant_beach,11
nj,office,monmouth,port_monmouth,11
nj,office,monmouth,sea_girt,11
nj,office,ocean,seabright,11
nj,office,monmouth,seaside_heights,11
nj,office,monmouth,seaside_park,11
nj,office,monmouth,south_belmar,11
nj,office,monmouth,spring_lake,11
nj,office,monmouth,union_beach,11
nj,office,monmouth,water_witch,11
nj,office,monmouth,west_end,11
nj,office,middlesex,new_brunswick,12
nj,office,camden,camden,13
nj,office,camden,all_others,17
nj,office,mercer,trenton,13
nj,office,camden,audubon,13
nj,office,camden,audubon_park,13
nj,office,camden,cherry_hill,13
nj,office,camden,collingswood,13
nj,office,camden,haddon,13
nj,office,camden,haddon_heights,13
nj,office,camden,haddonfield,13
nj,office,camden,merchantville,13
nj,office,camden,oaklyn,13
nj,office,camden,pennsauken,13
nj,office,camden,wood_lynne,13
nj,office,mercer,ewing,13
nj,office,mercer,hamilton,13
nj,office,mercer,lawrence,13
nj,office,mercer,all_others,17
ny,edp,all_others,all_others,24
ny,edp,new_york,all_others,24
ny,edp,new_york,new_york_city,1
ny,edp,kings,all_others,1
ny,edp,kings,new_york_city,1
ny,edp,queens,all_others,1
ny,edp,queens,new_york_city,1
ny,edp,bronx,all_others,1
ny,edp,bronx,new_york_city,24
ny,edp,richmond,all_others,1
ny,edp,richmond,new_york_city,10
ny,edp,albany,all_others,18
ny,edp,albany,albany,2
ny,edp,schenectady,all_others,18
ny,edp,schenectady,schenectady,2
ny,edp,rensselaer,all_others,18
ny,edp,rensselaer,troy,2
ny,edp,westchester,all_others,24
ny,edp,westchester,mt_vernon,3
ny,edp,westchester,new_rochelle,3
ny,edp,westchester,peekskill,3
ny,edp,westchester,port_chester_village,3
ny,edp,westchester,white_plains,3
ny,edp,westchester,yonkers,3
ny,edp,westchester,north_tarrytown,18
ny,edp,westchester,north_tarrytown,9
ny,edp,onondaga,all_others,21
ny,edp,onondaga,syracuse,4
ny,edp,oneida,all_others,20
ny,edp,oneida,utica,5
ny,edp,monroe,all_others,23
ny,edp,monroe,rochester,6
ny,edp,nassau,all_others,24
ny,edp,nassau,nassau,7
ny,edp,erie,all_others,14
ny,edp,erie,buffalo,8
ny,edp,all_others,ellis_island,10
ny,edp,new_york,governors_island,10
ny,edp,bronx,hart_island,10
ny,edp,bronx,high_island,10
ny,edp,bronx,north_brother_island,10
ny,edp,bronx,south_brother_island,10
ny,edp,delaware,all_others,12
ny,edp,greene,all_others,12
ny,edp,orange,all_others,12
ny,edp,rockland,all_others,12
ny,edp,sullivan,all_others,12
ny,edp,ulster,all_others,12
ny,edp,niagara,all_others,14
ny,edp,suffolk,all_others,16
ny,edp,clifton,all_others,17
ny,edp,essex,all_others,17
ny,edp,franklin,all_others,17
ny,edp,fulton,all_others,17
ny,edp,hamilton,all_others,17
ny,edp,herkimer,all_others,17
ny,edp,jefferson,all_others,17
ny,edp,lewis,all_others,17
ny,edp,st_lawrence,all_others,17
ny,edp,saratoga,all_others,17
ny,edp,warren,all_others,17
ny,edp,washington,all_others,17
ny,edp,columbia,all_others,18
ny,edp,dutchess,all_others,18
ny,edp,putnam,all_others,18
ny,edp,montgomery,all_others,20
ny,edp,herkimer,columbia,20
ny,edp,herkimer,danube,20
ny,edp,herkimer,frankfort,20
ny,edp,herkimer,herkimer,20
ny,edp,herkimer,german_flats,20
ny,edp,herkimer,litchfield,20
ny,edp,herkimer,little_falls,20
ny,edp,herkimer,schuyler,20
ny,edp,herkimer,stark,20
ny,edp,herkimer,warren,20
ny,edp,herkimer,winfield,20
ny,edp,chautauqua,all_others,22
ny,edp,chemung,all_others,22
ny,edp,tompkins,all_others,22
ny,edp,broome,all_others,22
ny,edp,monroe,all_others,23
ny,office,all_others,all_others,24
ny,office,new_york,all_others,24
ny,office,new_york,new_york_city,1
ny,office,kings,all_others,1
ny,office,kings,new_york_city,1
ny,office,queens,all_others,1
ny,office,queens,new_york_city,1
ny,office,bronx,all_others,1
ny,office,bronx,new_york_city,24
ny,office,richmond,all_others,1
ny,office,richmond,new_york_city,10
ny,office,albany,all_others,18
ny,office,albany,albany,2
ny,office,schenectady,all_others,18
ny,office,schenectady,schenectady,2
ny,office,rensselaer,all_others,18
ny,office,rensselaer,troy,2
ny,office,westchester,all_others,24
ny,office,westchester,mt_vernon,3
ny,office,westchester,new_rochelle,3
ny,office,westchester,peekskill,3
ny,office,westchester,port_chester_village,3
ny,office,westchester,white_plains,3
ny,office,westchester,yonkers,3
ny,office,westchester,north_tarrytown,18
ny,office,westchester,north_tarrytown,9
ny,office,onondaga,all_others,21
ny,office,onondaga,syracuse,4
ny,office,oneida,all_others,20
ny,office,oneida,utica,5
ny,office,monroe,all_others,23
ny,office,monroe,rochester,6
ny,office,nassau,all_others,24
ny,office,nassau,nassau,7
ny,office,erie,all_others,14
ny,office,erie,buffalo,8
ny,office,all_others,ellis_island,10
ny,office,new_york,governors_island,10
ny,office,bronx,hart_island,10
ny,office,bronx,high_island,10
ny,office,bronx,north_brother_island,10
ny,office,bronx,south_brother_island,10
ny,office,delaware,all_others,12
ny,office,greene,all_others,12
ny,office,orange,all_others,12
ny,office,rockland,all_others,12
ny,office,sullivan,all_others,12
ny,office,ulster,all_others,12
ny,office,niagara,all_others,14
ny,office,suffolk,all_others,16
ny,office,clifton,all_others,17
ny,office,essex,all_others,17
ny,office,franklin,all_others,17
ny,office,fulton,all_others,17
ny,office,hamilton,all_others,17
ny,office,herkimer,all_others,17
ny,office,jefferson,all_others,17
ny,office,lewis,all_others,17
ny,office,st_lawrence,all_others,17
ny,office,saratoga,all_others,17
ny,office,warren,all_others,17
ny,office,washington,all_others,17
ny,office,columbia,all_others,18
ny,office,dutchess,all_others,18
ny,office,putnam,all_others,18
ny,office,montgomery,all_others,20
ny,office,herkimer,columbia,20
ny,office,herkimer,danube,20
ny,office,herkimer,frankfort,20
ny,office,herkimer,herkimer,20
ny,office,herkimer,german_flats,20
ny,office,herkimer,litchfield,20
ny,office,herkimer,little_falls,20
ny,office,herkimer,schuyler,20
ny,office,herkimer,stark,20
ny,office,herkimer,warren,20
ny,office,herkimer,winfield,20
ny,office,chautauqua,all_others,22
ny,office,chemung,all_others,22
ny,office,tompkins,all_others,22
ny,office,broome,all_others,22
ny,office,monroe,all_others,23
oh,edp,all_others,all_others,9
oh,edp,cuyahoga,all_others,8
oh,edp,cuyahoga,bratenahl,1
oh,edp,cuyahoga,brook_park,1
oh,edp,cuyahoga,brooklyn,1
oh,edp,cuyahoga,brooklyn_heights,1
oh,edp,cuyahoga,cleveland,1
oh,edp,cuyahoga,cleveland_heights,1
oh,edp,cuyahoga,cuyahoga_heights,1
oh,edp,cuyahoga,east_cleveland,1
oh,edp,cuyahoga,euclid,1
oh,edp,cuyahoga,fairview,1
oh,edp,cuyahoga,garfield_heights,1
oh,edp,cuyahoga,lakewood,1
oh,edp,cuyahoga,linndale,1
oh,edp,cuyahoga,newburgh_heights,1
oh,edp,cuyahoga,parkview,1
oh,edp,cuyahoga,parma,1
oh,edp,cuyahoga,parma_heights,1
oh,edp,cuyahoga,richmond_heights,1
oh,edp,cuyahoga,rocky_riverd,1
oh,edp,cuyahoga,shaker_heights,1
oh,edp,cuyahoga,south_euclid,1
oh,edp,cuyahoga,university_heights,1
oh,edp,franklin,all_others,9
oh,edp,franklin,bexley,5
oh,edp,franklin,clinton,5
oh,edp,franklin,columbus,5
oh,edp,franklin,east_columbus,5
oh,edp,franklin,franklin,5
oh,edp,franklin,gahanna,5
oh,edp,franklin,grandview_heights,5
oh,edp,franklin,hanford,5
oh,edp,franklin,hilliard,5
oh,edp,franklin,marble_cliff,5
oh,edp,franklin,marion,5
oh,edp,franklin,mifflin,5
oh,edp,franklin,montgomery,5
oh,edp,franklin,norwich,5
oh,edp,franklin,perry,5
oh,edp,franklin,reynoldsburg,5
oh,edp,franklin,riverlea,5
oh,edp,franklin,sharon,5
oh,edp,franklin,truro,5
oh,edp,franklin,upper_arlington,5
oh,edp,franklin,worthingotn,5
oh,edp,geauga,all_others,9
oh,edp,geauga,hunting_valley,8
oh,edp,hamilton,addyston,3
oh,edp,hamilton,all_others,9
oh,edp,hamilton,allandale,3
oh,edp,hamilton,anderson,3
oh,edp,hamilton,arlington_heights,3
oh,edp,hamilton,barnesburg,3
oh,edp,hamilton,beechwood,3
oh,edp,hamilton,bevis,3
oh,edp,hamilton,blue_ash,3
oh,edp,hamilton,cheviot,3
oh,edp,hamilton,cincinnati,3
oh,edp,hamilton,cleves,3
oh,edp,hamilton,colerain,3
oh,edp,hamilton,columbia,3
oh,edp,hamilton,deer_park,3
oh,edp,hamilton,delhi,3
oh,edp,hamilton,elmwood_place,3
oh,edp,hamilton,glendale,3
oh,edp,hamilton,green,3
oh,edp,hamilton,greenhills,3
oh,edp,hamilton,lockland,3
oh,edp,hamilton,medeira,3
oh,edp,hamilton,miami,3
oh,edp,hamilton,mill_creek,3
oh,edp,hamilton,montgomery,3
oh,edp,hamilton,mount_healthy,3
oh,edp,hamilton,new_burlington,3
oh,edp,hamilton,newtown,3
oh,edp,hamilton,north_bend,3
oh,edp,hamilton,north_college_hill,3
oh,edp,hamilton,norwood,3
oh,edp,hamilton,park_place,3
oh,edp,hamilton,reading,3
oh,edp,hamilton,remington,3
oh,edp,hamilton,sayler_park,3
oh,edp,hamilton,sharonville,3
oh,edp,hamilton,silverton,3
oh,edp,hamilton,springfield,3
oh,edp,hamilton,st_bernard,3
oh,edp,hamilton,sycamore,3
oh,edp,hamilton,symmes,3
oh,edp,hamilton,terrace_park,3
oh,edp,hamilton,woodlawn,3
oh,edp,hamilton,wyoming,3
oh,edp,lucas,all_others,9
oh,edp,lucas,toledo,6
oh,edp,mahoning,all_others,9
oh,edp,mahoning,austintown,2
oh,edp,mahoning,boardman,2
oh,edp,mahoning,campbell,2
oh,edp,mahoning,coitsville,2
oh,edp,mahoning,cornersburg,2
oh,edp,mahoning,east_youngstown,2
oh,edp,mahoning,lowellville,2
oh,edp,mahoning,poland,2
oh,edp,mahoning,struthers,2
oh,edp,mahoning,thorn_hill,2
oh,edp,mahoning,youngstown,2
oh,edp,montgomery,all_others,9
oh,edp,montgomery,dayton,7
oh,edp,montgomery,harrison,7
oh,edp,montgomery,jefferson,7
oh,edp,montgomery,mad_river,7
oh,edp,montgomery,madison,7
oh,edp,montgomery,oakwood,7
oh,edp,montgomery,riverside,7
oh,edp,montgomery,trotwood,7
oh,edp,montgomery,van_buren,7
oh,edp,montgomery,wayne,7
oh,edp,stark,all_others,10
oh,edp,summit,akron,4
oh,edp,summit,all_others,9
oh,office,all_others,all_others,9
oh,office,cuyahoga,all_others,8
oh,office,cuyahoga,bratenahl,1
oh,office,cuyahoga,brook_park,1
oh,office,cuyahoga,brooklyn,1
oh,office,cuyahoga,brooklyn_heights,1
oh,office,cuyahoga,cleveland,1
oh,office,cuyahoga,cleveland_heights,1
oh,office,cuyahoga,cuyahoga_heights,1
oh,office,cuyahoga,east_cleveland,1
oh,office,cuyahoga,euclid,1
oh,office,cuyahoga,fairview,1
oh,office,cuyahoga,garfield_heights,1
oh,office,cuyahoga,lakewood,1
oh,office,cuyahoga,linndale,1
oh,office,cuyahoga,newburgh_heights,1
oh,office,cuyahoga,parkview,1
oh,office,cuyahoga,parma,1
oh,office,cuyahoga,parma_heights,1
oh,office,cuyahoga,richmond_heights,1
oh,office,cuyahoga,rocky_riverd,1
oh,office,cuyahoga,shaker_heights,1
oh,office,cuyahoga,south_euclid,1
oh,office,cuyahoga,university_heights,1
oh,office,franklin,all_others,9
oh,office,franklin,bexley,5
oh,office,franklin,clinton,5
oh,office,franklin,columbus,5
oh,office,franklin,east_columbus,5
oh,office,franklin,franklin,5
oh,office,franklin,gahanna,5
oh,office,franklin,grandview_heights,5
oh,office,franklin,hanford,5
oh,office,franklin,hilliard,5
oh,office,franklin,marble_cliff,5
oh,office,franklin,marion,5
oh,office,franklin,mifflin,5
oh,office,franklin,montgomery,5
oh,office,franklin,norwich,5
oh,office,franklin,perry,5
oh,office,franklin,reynoldsburg,5
oh,office,franklin,riverlea,5
oh,office,franklin,sharon,5
oh,office,franklin,truro,5
oh,office,franklin,upper_arlington,5
oh,office,franklin,worthingotn,5
oh,office,geauga,all_others,9
oh,office,geauga,hunting_valley,8
oh,office,hamilton,addyston,3
oh,office,hamilton,all_others,9
oh,office,hamilton,allandale,3
oh,office,hamilton,anderson,3
oh,office,hamilton,arlington_heights,3
oh,office,hamilton,barnesburg,3
oh,office,hamilton,beechwood,3
oh,office,hamilton,bevis,3
oh,office,hamilton,blue_ash,3
oh,office,hamilton,cheviot,3
oh,office,hamilton,cincinnati,3
oh,office,hamilton,cleves,3
oh,office,hamilton,colerain,3
oh,office,hamilton,columbia,3
oh,office,hamilton,deer_park,3
oh,office,hamilton,delhi,3
oh,office,hamilton,elmwood_place,3
oh,office,hamilton,glendale,3
oh,office,hamilton,green,3
oh,office,hamilton,greenhills,3
oh,office,hamilton,lockland,3
oh,office,hamilton,medeira,3
oh,office,hamilton,miami,3
oh,office,hamilton,mill_creek,3
oh,office,hamilton,montgomery,3
oh,office,hamilton,mount_healthy,3
oh,office,hamilton,new_burlington,3
oh,office,hamilton,newtown,3
oh,office,hamilton,north_bend,3
oh,office,hamilton,north_college_hill,3
oh,office,hamilton,norwood,3
oh,office,hamilton,park_place,3
oh,office,hamilton,reading,3
oh,office,hamilton,remington,3
oh,office,hamilton,sayler_park,3
oh,office,hamilton,sharonville,3
oh,office,hamilton,silverton,3
oh,office,hamilton,springfield,3
oh,office,hamilton,st_bernard,3
oh,office,hamilton,sycamore,3
oh,office,hamilton,symmes,3
oh,office,hamilton,terrace_park,3
oh,office,hamilton,woodlawn,3
oh,office,hamilton,wyoming,3
oh,office,lucas,all_others,9
oh,office,lucas,toledo,6
oh,office,mahoning,all_others,9
oh,office,mahoning,austintown,2
oh,office,mahoning,boardman,2
oh,office,mahoning,campbell,2
oh,office,mahoning,coitsville,2
oh,office,mahoning,cornersburg,2
oh,office,mahoning,east_youngstown,2
oh,office,mahoning,lowellville,2
oh,office,mahoning,poland,2
oh,office,mahoning,struthers,2
oh,office,mahoning,thorn_hill,2
oh,office,mahoning,youngstown,2
oh,office,montgomery,all_others,9
oh,office,montgomery,dayton,7
oh,office,montgomery,harrison,7
oh,office,montgomery,jefferson,7
oh,office,montgomery,mad_river,7
oh,office,montgomery,madison,7
oh,office,montgomery,oakwood,7
oh,office,montgomery,riverside,7
oh,office,montgomery,trotwood,7
oh,office,montgomery,van_buren,7
oh,office,montgomery,wayne,7
oh,office,stark,all_others,10
oh,office,summit,akron,4
oh,office,summit,all_others,9
pa,edp,all_others,all_others,13
pa,edp,allegheny,all_others,3
pa,edp,allegheny,pittsburgh,2
pa,edp,bedford,all_others,12
pa,edp,berks,all_others,12
pa,edp,berks,alsace,10
pa,edp,berks,bern,10
pa,edp,berks,birdsboro,10
pa,edp,berks,comru,10
pa,edp,berks,exeter,10
pa,edp,berks,fairview,10
pa,edp,berks,hampden,10
pa,edp,berks,kenhorst,10
pa,edp,berks,laureldale,10
pa,edp,berks,lower_alsace,10
pa,edp,berks,lower_heidelberg,10
pa,edp,berks,mohnton,10
pa,edp,berks,mount_penn,10
pa,edp,berks,muhlenberg,10
pa,edp,berks,reading,10
pa,edp,berks,robeson,10
pa,edp,berks,shilington,10
pa,edp,berks,sinking_spring,10
pa,edp,berks,south_heidelberg,10
pa,edp,berks,spring,10
pa,edp,berks,st_lawrence,10
pa,edp,berks,temple,10
pa,edp,berks,wernersville,10
pa,edp,berks,west_lawn,10
pa,edp,berks,west_reading,10
pa,edp,berks,wyomissing,10
pa,edp,berks,wyomissing_hills,10
pa,edp,bucks,all_others,13
pa,edp,bucks,bensalem,7
pa,edp,bucks,bristol,7
pa,edp,bucks,falls,7
pa,edp,bucks,hulmelville,7
pa,edp,bucks,langhorne,7
pa,edp,bucks,lower_makefield,7
pa,edp,bucks,lower_southampton,7
pa,edp,bucks,middletown,7
pa,edp,bucks,morrisville,7
pa,edp,bucks,penndel,7
pa,edp,bucks,springfield,7
pa,edp,bucks,tullytown,7
pa,edp,bucks,upper_southampton,7
pa,edp,bucks,yardley,7
pa,edp,chester,all_others,13
pa,edp,chester,easttown,7
pa,edp,chester,treddyffrin,7
pa,edp,cumberland,all_others,12
pa,edp,cumberland,camp_hill,10
pa,edp,cumberland,east_pennsboro,10
pa,edp,cumberland,lemoyne,10
pa,edp,cumberland,lower_allen,10
pa,edp,cumberland,new_cumberland,10
pa,edp,cumberland,shiremanstown,10
pa,edp,cumberland,west_fairview,10
pa,edp,cumberland,wormleysburg,10
pa,edp,dauphin,all_others,12
pa,edp,dauphin,harrisburg,10
pa,edp,dauphin,highspire,10
pa,edp,dauphin,londonderry,10
pa,edp,dauphin,lower_paxton,10
pa,edp,dauphin,lower_swatara,10
pa,edp,dauphin,middletown,10
pa,edp,dauphin,paxtang,10
pa,edp,dauphin,penbrook,10
pa,edp,dauphin,royalton,10
pa,edp,dauphin,steelton,10
pa,edp,dauphin,susquehanna,10
pa,edp,dauphin,swatara,10
pa,edp,delaware,all_others,7
pa,edp,delaware,birmingham,13
pa,edp,delaware,concord,13
pa,edp,delaware,edgemont,13
pa,edp,delaware,thornbury,13
pa,edp,erie,all_others,13
pa,edp,erie,erie,9
pa,edp,erie,greene,9
pa,edp,erie,harborcreek,9
pa,edp,erie,millcreek,9
pa,edp,erie,summit,9
pa,edp,erie,wesleyville,9
pa,edp,franklin,all_others,12
pa,edp,fulton,all_others,12
pa,edp,juniata,all_others,12
pa,edp,lackawanna,all_others,4
pa,edp,lebanon,all_others,12
pa,edp,lehigh,all_others,5
pa,edp,lucerne,all_others,4
pa,edp,mifflin,all_others,12
pa,edp,montgomery,abington,7
pa,edp,montgomery,all_others,13
pa,edp,montgomery,ambler,7
pa,edp,montgomery,bridgeport,7
pa,edp,montgomery,bryn_athyn,7
pa,edp,montgomery,cheltenham,7
pa,edp,montgomery,conshohocken,7
pa,edp,montgomery,east_norriton,7
pa,edp,montgomery,jenkintown,7
pa,edp,montgomery,lower_merion,7
pa,edp,montgomery,lower_moreland,7
pa,edp,montgomery,narberth,7
pa,edp,montgomery,norristown,7
pa,edp,montgomery,plymouth,7
pa,edp,montgomery,rockledge,7
pa,edp,montgomery,upper_dublin,7
pa,edp,montgomery,upper_merion,7
pa,edp,montgomery,west_conshohocken,7
pa,edp,montgomery,whitemarsh,7
pa,edp,montgomery,whitpain,7
pa,edp,northhampton,all_others,5
pa,edp,perry,all_others,12
pa,edp,philadelphia,all_others,1
pa,edp,snyder,all_others,12
pa,edp,union,all_others,12
pa,edp,washington,all_others,11
pa,edp,westmoreland,all_others,11
pa,edp,york,all_others,12
pa,office,all_others,all_others,13
pa,office,allegheny,all_others,3
pa,office,allegheny,pittsburgh,2
pa,office,bedford,all_others,12
pa,office,berks,all_others,12
pa,office,berks,alsace,10
pa,office,berks,bern,10
pa,office,berks,birdsboro,10
pa,office,berks,comru,10
pa,office,berks,exeter,10
pa,office,berks,fairview,10
pa,office,berks,hampden,10
pa,office,berks,kenhorst,10
pa,office,berks,laureldale,10
pa,office,berks,lower_alsace,10
pa,office,berks,lower_heidelberg,10
pa,office,berks,mohnton,10
pa,office,berks,mount_penn,10
pa,office,berks,muhlenberg,10
pa,office,berks,reading,10
pa,office,berks,robeson,10
pa,office,berks,shilington,10
pa,office,berks,sinking_spring,10
pa,office,berks,south_heidelberg,10
pa,office,berks,spring,10
pa,office,berks,st_lawrence,10
pa,office,berks,temple,10
pa,office,berks,wernersville,10
pa,office,berks,west_lawn,10
pa,office,berks,west_reading,10
pa,office,berks,wyomissing,10
pa,office,berks,wyomissing_hills,10
pa,office,bucks,all_others,13
pa,office,bucks,bensalem,7
pa,office,bucks,bristol,7
pa,office,bucks,falls,7
pa,office,bucks,hulmelville,7
pa,office,bucks,langhorne,7
pa,office,bucks,lower_makefield,7
pa,office,bucks,lower_southampton,7
pa,office,bucks,middletown,7
pa,office,bucks,morrisville,7
pa,office,bucks,penndel,7
pa,office,bucks,springfield,7
pa,office,bucks,tullytown,7
pa,office,bucks,upper_southampton,7
pa,office,bucks,yardley,7
pa,office,chester,all_others,13
pa,office,chester,easttown,7
pa,office,chester,treddyffrin,7
pa,office,cumberland,all_others,12
pa,office,cumberland,camp_hill,10
pa,office,cumberland,east_pennsboro,10
pa,office,cumberland,lemoyne,10
pa,office,cumberland,lower_allen,10
pa,office,cumberland,new_cumberland,10
pa,office,cumberland,shiremanstown,10
pa,office,cumberland,west_fairview,10
pa,office,cumberland,wormleysburg,10
pa,office,dauphin,all_others,12
pa,office,dauphin,harrisburg,10
pa,office,dauphin,highspire,10
pa,office,dauphin,londonderry,10
pa,office,dauphin,lower_paxton,10
pa,office,dauphin,lower_swatara,10
pa,office,dauphin,middletown,10
pa,office,dauphin,paxtang,10
pa,office,dauphin,penbrook,10
pa,office,dauphin,royalton,10
pa,office,dauphin,steelton,10
pa,office,dauphin,susquehanna,10
pa,office,dauphin,swatara,10
pa,office,delaware,all_others,7
pa,office,delaware,birmingham,13
pa,office,delaware,concord,13
pa,office,delaware,edgemont,13
pa,office,delaware,thornbury,13
pa,office,erie,all_others,13
pa,office,erie,erie,9
pa,office,erie,greene,9
pa,office,erie,harborcreek,9
pa,office,erie,millcreek,9
pa,office,erie,summit,9
pa,office,erie,wesleyville,9
pa,office,franklin,all_others,12
pa,office,fulton,all_others,12
pa,office,juniata,all_others,12
pa,office,lackawanna,all_others,4
pa,office,lebanon,all_others,12
pa,office,lehigh,all_others,5
pa,office,lucerne,all_others,4
pa,office,mifflin,all_others,12
pa,office,montgomery,abington,7
pa,office,montgomery,all_others,13
pa,office,montgomery,ambler,7
pa,office,montgomery,bridgeport,7
pa,office,montgomery,bryn_athyn,7
pa,office,montgomery,cheltenham,7
pa,office,montgomery,conshohocken,7
pa,office,montgomery,east_norriton,7
pa,office,montgomery,jenkintown,7
pa,office,montgomery,lower_merion,7
pa,office,montgomery,lower_moreland,7
pa,office,montgomery,narberth,7
pa,office,montgomery,norristown,7
pa,office,montgomery,plymouth,7
pa,office,montgomery,rockledge,7
pa,office,montgomery,upper_dublin,7
pa,office,montgomery,upper_merion,7
pa,office,montgomery,west_conshohocken,7
pa,office,montgomery,whitemarsh,7
pa,office,montgomery,whitpain,7
pa,office,northhampton,all_others,5
pa,office,perry,all_others,12
pa,office,philadelphia,all_others,1
pa,office,snyder,all_others,12
pa,office,union,all_others,12
pa,office,washington,all_others,11
pa,office,westmoreland,all_others,11
pa,office,york,all_others,12
tx,edp,anderson,all_others,6
tx,edp,andrews,all_others,6
tx,edp,angelina,all_others,6
tx,edp,aransas,all_others,6
tx,edp,archer,all_others,6
tx,edp,armstrong,all_others,6
tx,edp,atascosa,all_others,6
tx,edp,austin,all_others,6
tx,edp,bailey,all_others,6
tx,edp,bandera,all_others,6
tx,edp,bastrop,all_others,6
tx,edp,baylor,all_others,6
tx,edp,bee,all_others,6
tx,edp,bell,all_others,6
tx,edp,bexar,all_others,6
tx,edp,bexar,san_antonio,3
tx,edp,blanco,all_others,6
tx,edp,borden,all_others,6
tx,edp,bosque,all_others,6
tx,edp,bowie,all_others,6
tx,edp,brazoria,all_others,6
tx,edp,brazos,all_others,6
tx,edp,brewster,all_others,6
tx,edp,briscoe,all_others,6
tx,edp,brooks,all_others,6
tx,edp,brown,all_others,6
tx,edp,burleson,all_others,6
tx,edp,burnet,all_others,6
tx,edp,caldwell,all_others,6
tx,edp,calhoun,all_others,6
tx,edp,callahan,all_others,6
tx,edp,cameron,all_others,7
tx,edp,camp,all_others,7
tx,edp,carson,all_others,6
tx,edp,cass,all_others,6
tx,edp,castro,all_others,6
tx,edp,chambers,all_others,6
tx,edp,cherokee,all_others,6
tx,edp,childress,all_others,6
tx,edp,clay,all_others,6
tx,edp,cochran,all_others,6
tx,edp,coke,all_others,6
tx,edp,coleman,all_others,6
tx,edp,collin,all_others,6
tx,edp,collingsworth,all_others,6
tx,edp,colorado,all_others,6
tx,edp,comal,all_others,6
tx,edp,comanche,all_others,6
tx,edp,concho,all_others,6
tx,edp,cooke,all_others,6
tx,edp,coryell,all_others,6
tx,edp,cottle,all_others,6
tx,edp,crane,all_others,6
tx,edp,crockett,all_others,6
tx,edp,crosby,all_others,6
tx,edp,culberson,all_others,6
tx,edp,dallam,all_others,6
tx,edp,dallas,all_others,6
tx,edp,dallas,dallas,1
tx,edp,dawson,all_others,6
tx,edp,de_witt,all_others,6
tx,edp,deaf_smith,all_others,6
tx,edp,delta,all_others,6
tx,edp,denton,all_others,6
tx,edp,dickens,all_others,6
tx,edp,dimmit,all_others,6
tx,edp,donley,all_others,6
tx,edp,duval,all_others,6
tx,edp,eastland,all_others,6
tx,edp,ector,all_others,6
tx,edp,edwards,all_others,6
tx,edp,el_paso,all_others,5
tx,edp,ellis,all_others,6
tx,edp,erath,all_others,6
tx,edp,falls,all_others,6
tx,edp,fannin,all_others,6
tx,edp,fayette,all_others,6
tx,edp,fisher,all_others,6
tx,edp,floyd,all_others,6
tx,edp,foard,all_others,6
tx,edp,fort_bend,all_others,6
tx,edp,franklin,all_others,6
tx,edp,freestone,all_others,6
tx,edp,frio,all_others,6
tx,edp,gaines,all_others,6
tx,edp,galveston,all_others,5
tx,edp,garza,all_others,6
tx,edp,gillespie,all_others,6
tx,edp,glasscock,all_others,6
tx,edp,goliad,all_others,6
tx,edp,gonzales,all_others,6
tx,edp,gray,all_others,6
tx,edp,grayson,all_others,6
tx,edp,gregg,all_others,6
tx,edp,grimes,all_others,6
tx,edp,guadalupe,all_others,6
tx,edp,hale,all_others,6
tx,edp,hall,all_others,6
tx,edp,hamilton,all_others,6
tx,edp,hansford,all_others,6
tx,edp,hardeman,all_others,6
tx,edp,hardin,all_others,6
tx,edp,harris,all_others,8
tx,edp,harris,houston,4
tx,edp,harrison,all_others,6
tx,edp,hartley,all_others,6
tx,edp,haskel,all_others,6
tx,edp,hays,all_others,6
tx,edp,hemphill,all_others,6
tx,edp,henderson,all_others,6
tx,edp,hidalgo,all_others,7
tx,edp,hill,all_others,6
tx,edp,hockley,all_others,6
tx,edp,hood,all_others,6
tx,edp,hopkins,all_others,6
tx,edp,houston,all_others,6
tx,edp,howard,all_others,6
tx,edp,hudspeth,all_others,6
tx,edp,hunt,all_others,6
tx,edp,hutchinson,all_others,6
tx,edp,irion,all_others,6
tx,edp,jack,all_others,6
tx,edp,jackson,all_others,6
tx,edp,jasper,all_others,6
tx,edp,jeff_davis,all_others,6
tx,edp,jefferson,all_others,5
tx,edp,jim_hogg,all_others,6
tx,edp,jim_wells,all_others,6
tx,edp,johnson,all_others,6
tx,edp,jones,all_others,6
tx,edp,karnes,all_others,6
tx,edp,kaufman,all_others,6
tx,edp,kendall,all_others,6
tx,edp,kenedy,all_others,6
tx,edp,kent,all_others,6
tx,edp,kerr,all_others,6
tx,edp,kimble,all_others,6
tx,edp,king,all_others,6
tx,edp,kinney,all_others,6
tx,edp,kleberg,all_others,6
tx,edp,knox,all_others,6
tx,edp,la_salle,all_others,6
tx,edp,lamar,all_others,6
tx,edp,lamb,all_others,6
tx,edp,lampasas,all_others,6
tx,edp,lavaca,all_others,6
tx,edp,lee,all_others,6
tx,edp,leon,all_others,6
tx,edp,liberty,all_others,6
tx,edp,limestone,all_others,6
tx,edp,lipscomb,all_others,6
tx,edp,live_oak,all_others,6
tx,edp,llano,all_others,6
tx,edp,loving,all_others,6
tx,edp,lubbock,all_others,6
tx,edp,lynn,all_others,6
tx,edp,madison,all_others,6
tx,edp,marion,all_others,6
tx,edp,martin,all_others,6
tx,edp,mason,all_others,6
tx,edp,matagorda,all_others,6
tx,edp,maverick,all_others,6
tx,edp,mcclennan,all_others,6
tx,edp,mcculloch,all_others,6
tx,edp,mcmullen,all_others,6
tx,edp,medina,all_others,6
tx,edp,menard,all_others,6
tx,edp,midland,all_others,6
tx,edp,milam,all_others,6
tx,edp,mills,all_others,6
tx,edp,mitchell,all_others,6
tx,edp,montague,all_others,6
tx,edp,montgomery,all_others,6
tx,edp,moore,all_others,6
tx,edp,morris,all_others,6
tx,edp,motley,all_others,6
tx,edp,nacogdoches,all_others,6
tx,edp,navarro,all_others,6
tx,edp,newton,all_others,6
tx,edp,nolan,all_others,6
tx,edp,nueces,all_others,5
tx,edp,ochiltree,all_others,6
tx,edp,oldham,all_others,6
tx,edp,orange,all_others,6
tx,edp,palopinto,all_others,6
tx,edp,panola,all_others,6
tx,edp,parker,all_others,6
tx,edp,parmer,all_others,6
tx,edp,pecos,all_others,6
tx,edp,polk,all_others,6
tx,edp,potter,all_others,6
tx,edp,presidio,all_others,6
tx,edp,rains,all_others,6
tx,edp,randall,all_others,6
tx,edp,reagan,all_others,6
tx,edp,real,all_others,6
tx,edp,red_river,all_others,6
tx,edp,reeves,all_others,6
tx,edp,refugio,all_others,6
tx,edp,roberts,all_others,6
tx,edp,robertson,all_others,6
tx,edp,rockwall,all_others,6
tx,edp,runnels,all_others,6
tx,edp,rusk,all_others,6
tx,edp,sabine,all_others,6
tx,edp,san_augustin,all_others,6
tx,edp,san_jacinto,all_others,6
tx,edp,san_patricio,all_others,6
tx,edp,san_saba,all_others,6
tx,edp,schleicher,all_others,6
tx,edp,scurry,all_others,6
tx,edp,shackelford,all_others,6
tx,edp,shelby,all_others,6
tx,edp,sherman,all_others,6
tx,edp,smith,all_others,6
tx,edp,somervell,all_others,6
tx,edp,starr,all_others,6
tx,edp,stephens,all_others,6
tx,edp,sterling,all_others,6
tx,edp,stonewall,all_others,6
tx,edp,sutton,all_others,6
tx,edp,swisher,all_others,6
tx,edp,tarrant,all_others,6
tx,edp,tarrant,fort_worth,2
tx,edp,taylor,all_others,6
tx,edp,terrell,all_others,6
tx,edp,terry,all_others,6
tx,edp,throckmorton,all_others,6
tx,edp,titus,all_others,6
tx,edp,tom_green,all_others,6
tx,edp,travis,all_others,5
tx,edp,trinity,all_others,6
tx,edp,tyler,all_others,6
tx,edp,upshur,all_others,6
tx,edp,upton,all_others,6
tx,edp,uvalde,all_others,6
tx,edp,val_verde,all_others,6
tx,edp,van_zandt,all_others,6
tx,edp,victoria,all_others,6
tx,edp,walker,all_others,6
tx,edp,waller,all_others,6
tx,edp,ward,all_others,6
tx,edp,washington,all_others,6
tx,edp,webb,all_others,6
tx,edp,wharton,all_others,6
tx,edp,wheeler,all_others,6
tx,edp,wichita,all_others,6
tx,edp,wilbarger,all_others,6
tx,edp,willacy,all_others,7
tx,edp,williamson,all_others,6
tx,edp,wilson,all_others,6
tx,edp,winkler,all_others,6
tx,edp,wise,all_others,6
tx,edp,wood,all_others,6
tx,edp,yoakum,all_others,6
tx,edp,young,all_others,6
tx,edp,zapata,all_others,6
tx,edp,zavala,all_others,6
tx,office,anderson,all_others,6
tx,office,andrews,all_others,6
tx,office,angelina,all_others,6
tx,office,aransas,all_others,6
tx,office,archer,all_others,6
tx,office,armstrong,all_others,6
tx,office,atascosa,all_others,6
tx,office,austin,all_others,6
tx,office,bailey,all_others,6
tx,office,bandera,all_others,6
tx,office,bastrop,all_others,6
tx,office,baylor,all_others,6
tx,office,bee,all_others,6
tx,office,bell,all_others,6
tx,office,bexar,all_others,6
tx,office,bexar,san_antonio,3
tx,office,blanco,all_others,6
tx,office,borden,all_others,6
tx,office,bosque,all_others,6
tx,office,bowie,all_others,6
tx,office,brazoria,all_others,6
tx,office,brazos,all_others,6
tx,office,brewster,all_others,6
tx,office,briscoe,all_others,6
tx,office,brooks,all_others,6
tx,office,brown,all_others,6
tx,office,burleson,all_others,6
tx,office,burnet,all_others,6
tx,office,caldwell,all_others,6
tx,office,calhoun,all_others,6
tx,office,callahan,all_others,6
tx,office,cameron,all_others,7
tx,office,camp,all_others,7
tx,office,carson,all_others,6
tx,office,cass,all_others,6
tx,office,castro,all_others,6
tx,office,chambers,all_others,6
tx,office,cherokee,all_others,6
tx,office,childress,all_others,6
tx,office,clay,all_others,6
tx,office,cochran,all_others,6
tx,office,coke,all_others,6
tx,office,coleman,all_others,6
tx,office,collin,all_others,6
tx,office,collingsworth,all_others,6
tx,office,colorado,all_others,6
tx,office,comal,all_others,6
tx,office,comanche,all_others,6
tx,office,concho,all_others,6
tx,office,cooke,all_others,6
tx,office,coryell,all_others,6
tx,office,cottle,all_others,6
tx,office,crane,all_others,6
tx,office,crockett,all_others,6
tx,office,crosby,all_others,6
tx,office,culberson,all_others,6
tx,office,dallam,all_others,6
tx,office,dallas,all_others,6
tx,office,dallas,dallas,1
tx,office,dawson,all_others,6
tx,office,de_witt,all_others,6
tx,office,deaf_smith,all_others,6
tx,office,delta,all_others,6
tx,office,denton,all_others,6
tx,office,dickens,all_others,6
tx,office,dimmit,all_others,6
tx,office,donley,all_others,6
tx,office,duval,all_others,6
tx,office,eastland,all_others,6
tx,office,ector,all_others,6
tx,office,edwards,all_others,6
tx,office,el_paso,all_others,5
tx,office,ellis,all_others,6
tx,office,erath,all_others,6
tx,office,falls,all_others,6
tx,office,fannin,all_others,6
tx,office,fayette,all_others,6
tx,office,fisher,all_others,6
tx,office,floyd,all_others,6
tx,office,foard,all_others,6
tx,office,fort_bend,all_others,6
tx,office,franklin,all_others,6
tx,office,freestone,all_others,6
tx,office,frio,all_others,6
tx,office,gaines,all_others,6
tx,office,galveston,all_others,5
tx,office,garza,all_others,6
tx,office,gillespie,all_others,6
tx,office,glasscock,all_others,6
tx,office,goliad,all_others,6
tx,office,gonzales,all_others,6
tx,office,gray,all_others,6
tx,office,grayson,all_others,6
tx,office,gregg,all_others,6
tx,office,grimes,all_others,6
tx,office,guadalupe,all_others,6
tx,office,hale,all_others,6
tx,office,hall,all_others,6
tx,office,hamilton,all_others,6
tx,office,hansford,all_others,6
tx,office,hardeman,all_others,6
tx,office,hardin,all_others,6
tx,office,harris,all_others,8
tx,office,harris,houston,4
tx,office,harrison,all_others,6
tx,office,hartley,all_others,6
tx,office,haskel,all_others,6
tx,office,hays,all_others,6
tx,office,hemphill,all_others,6
tx,office,henderson,all_others,6
tx,office,hidalgo,all_others,7
tx,office,hill,all_others,6
tx,office,hockley,all_others,6
tx,office,hood,all_others,6
tx,office,hopkins,all_others,6
tx,office,houston,all_others,6
tx,office,howard,all_others,6
tx,office,hudspeth,all_others,6
tx,office,hunt,all_others,6
tx,office,hutchinson,all_others,6
tx,office,irion,all_others,6
tx,office,jack,all_others,6
tx,office,jackson,all_others,6
tx,office,jasper,all_others,6
tx,office,jeff_davis,all_others,6
tx,office,jefferson,all_others,5
tx,office,jim_hogg,all_others,6
tx,office,jim_wells,all_others,6
tx,office,johnson,all_others,6
tx,office,jones,all_others,6
tx,office,karnes,all_others,6
tx,office,kaufman,all_others,6
tx,office,kendall,all_others,6
tx,office,kenedy,all_others,6
tx,office,kent,all_others,6
tx,office,kerr,all_others,6
tx,office,kimble,all_others,6
tx,office,king,all_others,6
tx,office,kinney,all_others,6
tx,office,kleberg,all_others,6
tx,office,knox,all_others,6
tx,office,la_salle,all_others,6
tx,office,lamar,all_others,6
tx,office,lamb,all_others,6
tx,office,lampasas,all_others,6
tx,office,lavaca,all_others,6
tx,office,lee,all_others,6
tx,office,leon,all_others,6
tx,office,liberty,all_others,6
tx,office,limestone,all_others,6
tx,office,lipscomb,all_others,6
tx,office,live_oak,all_others,6
tx,office,llano,all_others,6
tx,office,loving,all_others,6
tx,office,lubbock,all_others,6
tx,office,lynn,all_others,6
tx,office,madison,all_others,6
tx,office,marion,all_others,6
tx,office,martin,all_others,6
tx,office,mason,all_others,6
tx,office,matagorda,all_others,6
tx,office,maverick,all_others,6
tx,office,mcclennan,all_others,6
tx,office,mcculloch,all_others,6
tx,office,mcmullen,all_others,6
tx,office,medina,all_others,6
tx,office,menard,all_others,6
tx,office,midland,all_others,6
tx,office,milam,all_others,6
tx,office,mills,all_others,6
tx,office,mitchell,all_others,6
tx,office,montague,all_others,6
tx,office,montgomery,all_others,6
tx,office,moore,all_others,6
tx,office,morris,all_others,6
tx,office,motley,all_others,6
tx,office,nacogdoches,all_others,6
tx,office,navarro,all_others,6
tx,office,newton,all_others,6
tx,office,nolan,all_others,6
tx,office,nueces,all_others,5
tx,office,ochiltree,all_others,6
tx,office,oldham,all_others,6
tx,office,orange,all_others,6
tx,office,palopinto,all_others,6
tx,office,panola,all_others,6
tx,office,parker,all_others,6
tx,office,parmer,all_others,6
tx,office,pecos,all_others,6
tx,office,polk,all_others,6
tx,office,potter,all_others,6
tx,office,presidio,all_others,6
tx,office,rains,all_others,6
tx,office,randall,all_others,6
tx,office,reagan,all_others,6
tx,office,real,all_others,6
tx,office,red_river,all_others,6
tx,office,reeves,all_others,6
tx,office,refugio,all_others,6
tx,office,roberts,all_others,6
tx,office,robertson,all_others,6
tx,office,rockwall,all_others,6
tx,office,runnels,all_others,6
tx,office,rusk,all_others,6
tx,office,sabine,all_others,6
tx,office,san_augustin,all_others,6
tx,office,san_jacinto,all_others,6
tx,office,san_patricio,all_others,6
tx,office,san_saba,all_others,6
tx,office,schleicher,all_others,6
tx,office,scurry,all_others,6
tx,office,shackelford,all_others,6
tx,office,shelby,all_others,6
tx,office,sherman,all_others,6
tx,office,smith,all_others,6
tx,office,somervell,all_others,6
tx,office,starr,all_others,6
tx,office,stephens,all_others,6
tx,office,sterling,all_others,6
tx,office,stonewall,all_others,6
tx,office,sutton,all_others,6
tx,office,swisher,all_others,6
tx,office,tarrant,all_others,6
tx,office,tarrant,fort_worth,2
tx,office,taylor,all_others,6
tx,office,terrell,all_others,6
tx,office,terry,all_others,6
tx,office,throckmorton,all_others,6
tx,office,titus,all_others,6
tx,office,tom_green,all_others,6
tx,office,travis,all_others,5
tx,office,trinity,all_others,6
tx,office,tyler,all_others,6
tx,office,upshur,all_others,6
tx,office,upton,all_others,6
tx,office,uvalde,all_others,6
tx,office,val_verde,all_others,6
tx,office,van_zandt,all_others,6
tx,office,victoria,all_others,6
tx,office,walker,all_others,6
tx,office,waller,all_others,6
tx,office,ward,all_others,6
tx,office,washington,all_others,6
tx,office,webb,all_others,6
tx,office,wharton,all_others,6
tx,office,wheeler,all_others,6
tx,office,wichita,all_others,6
tx,office,wilbarger,all_others,6
tx,office,willacy,all_others,7
tx,office,williamson,all_others,6
tx,office,wilson,all_others,6
tx,office,winkler,all_others,6
tx,office,wise,all_others,6
tx,office,wood,all_others,6
tx,office,yoakum,all_others,6
tx,office,young,all_others,6
tx,office,zapata,all_others,6
tx,office,zavala,all_others,6
